code,name,sector,score,f0,f1,f2,f3,f4,f5,fl,close,mom,rel
285A,キオクシアHD,半導体,79.99210000000001,0.2,0.8,0.0,0.667,0.0,0.0,0,17880.0,0.07537875826231288,0.031029609421784676
6701,NEC,電機・電子部品,70.19400000000002,0.2,0.5,0.0,0.2,0.33,0.0,0,4785.0,-0.02267156862745101,0.019874985798311928
1605,INPEX,資源・素材,69.59900000000002,0.0,0.2,0.25,0.0,0.33,0.0,0,3671.0,-0.06566556375668109,-0.03866185471573769
7201,日産自動車,自動車,68.85100000000001,0.0,0.2,0.25,0.0,0.67,0.0,0,296.9,-0.05052766229613048,-0.03908211218993707
2502,アサヒGHD,医薬・消費,68.85100000000001,0.0,0.2,0.25,0.0,0.67,0.0,0,1582.0,-0.03829787234042559,-0.039963522446347266
3382,セブン&アイ,医薬・消費,68.85100000000001,0.0,0.2,0.25,0.0,0.67,0.0,0,1977.5,-0.03747870528109032,-0.008320046386887658
8802,三菱地所,運輸・不動産,68.85100000000001,0.0,0.2,0.25,0.0,0.67,0.0,0,3545.0,-0.03616095704187061,-0.04661010904882601
6752,パナソニックHD,電機・電子部品,68.8129,0.2,0.5,0.25,0.533,0.0,0.0,0,4389.0,0.02979821679962469,0.012515323707498971
8002,丸紅,商社,68.724,0.0,0.2,0.5,0.0,0.33,0.0,0,4719.0,-0.059960159362549836,-0.02919323374971383
4063,信越化学,資源・素材,68.111,0.0,0.2,0.25,0.2,0.67,0.0,0,5749.0,-0.002256161055189221,-0.031398842820116624
6902,デンソー,自動車,67.976,0.0,0.2,0.5,0.0,0.67,0.0,0,1847.0,-0.048183457871682545,-0.020366840726438573
6367,ダイキン,機械・重工,67.3389,0.2,0.5,0.25,0.533,0.67,0.0,0,20705.0,0.00024154589371971902,0.0028373966441591625
4452,花王,医薬・消費,67.236,0.0,0.2,0.5,0.2,0.67,0.0,0,3484.0,-0.0025765817348983866,-0.027987798702006517
8053,住友商事,商社,67.159,0.2,0.5,0.25,0.0,0.33,1.0,0,1734.5,-0.059636757928978046,0.00045818085035598255
6762,TDK,電機・電子部品,66.625,0.0,0.2,0.25,1.0,0.0,0.0,0,2919.0,0.04027084818246607,-0.04203339257459404
7735,SCREEN,半導体,66.49000000000001,0.6,1.0,0.5,0.2,0.0,0.0,0,14530.0,0.1793831168831168,0.0828284378560028
6971,京セラ,電機・電子部品,66.359,0.2,0.5,0.25,1.0,0.33,0.0,0,3685.0,0.035403203146951334,0.019181040342193367
8306,三菱UFJ,銀行,65.671,0.2,0.5,0.25,0.2,0.67,1.0,0,3592.0,-0.01642935377875132,0.004880733907055457
9984,ソフトバンクG,通信・IT,65.205,0.6,1.0,0.25,0.0,0.0,1.0,0,6035.0,-0.03393628941892113,0.16989224678442205
1812,鹿島建設,運輸・不動産,64.53399999999999,0.2,0.5,1.0,0.0,0.33,1.0,0,4847.0,-0.04379562043795615,0.013666753462990067
6702,富士通,電機・電子部品,63.739000000000004,0.6,1.0,0.25,0.2,0.33,1.0,0,3945.0,-0.01571856287425155,0.06047439644930541
7272,ヤマハ発動機,自動車,62.534,0.0,0.0,0.0,0.2,0.33,0.0,0,1787.0,-0.024563318777292564,-0.05336498051489813
7012,川崎重工,機械・重工,62.534,0.0,0.0,0.0,0.2,0.33,0.0,0,2354.5,-0.027467988434531132,-0.09424454684266292
7261,マツダ,自動車,62.399,0.0,0.0,0.25,0.0,0.33,0.0,0,1107.5,-0.05463081519419544,-0.06584125249291861
1801,大成建設,運輸・不動産,62.399,0.0,0.0,0.25,0.0,0.33,0.0,0,11950.0,-0.061272584446190104,-0.06288964523660046
7974,任天堂,医薬・消費,62.399,0.0,0.0,0.25,0.0,0.33,0.0,0,7896.0,-0.0683185840707965,-0.0860100658433719
8267,イオン,医薬・消費,62.399,0.0,0.0,0.25,0.0,0.33,0.0,0,1263.5,-0.06268545994065278,-0.057523671861186454
5803,フジクラ,電機・電子部品,62.0279,0.0,0.0,0.0,0.533,0.0,0.0,0,4931.0,0.013149784261351938,-0.09413922174704659
4755,楽天G,通信・IT,61.651,0.0,0.0,0.25,0.0,0.67,0.0,0,676.1,-0.05347893042139151,-0.12199650977573373
9020,JR東日本,運輸・不動産,61.651,0.0,0.0,0.25,0.0,0.67,0.0,0,3337.0,-0.06290367874192637,-0.06476902701392173
7269,スズキ,自動車,61.651,0.0,0.0,0.25,0.0,0.67,0.0,0,1932.0,-0.0561797752808989,-0.08534259569268854
5713,住友金属鉱山,資源・素材,61.15290000000001,0.0,0.0,0.25,0.533,0.0,0.0,0,9489.0,0.017259862778730595,-0.15831625523986959
8035,東京エレクトロン,半導体,61.040000000000006,0.6,0.8,0.0,0.2,0.0,0.0,0,11505.0,0.12860506180105946,0.036547466564641806
6503,三菱電機,電機・電子部品,60.784000000000006,0.0,0.0,0.5,0.2,0.33,0.0,0,5131.0,-0.006390395042602637,-0.06834061733150887
1925,大和ハウス,運輸・不動産,60.775999999999996,0.0,0.0,0.5,0.0,0.67,0.0,0,2173.5,-0.060311284046692615,-0.06892895110166142
9022,JR東海,運輸・不動産,60.775999999999996,0.0,0.0,0.5,0.0,0.67,0.0,0,3675.0,-0.04346694429984388,-0.06148113646949227
8591,オリックス,証券・保険,60.775999999999996,0.0,0.0,0.5,0.0,0.67,0.0,0,5864.0,-0.056476267095736166,-0.06649239890873437
7203,トヨタ自動車,自動車,60.775999999999996,0.0,0.0,0.5,0.0,0.67,0.0,0,2881.5,-0.050263678312458815,-0.05422058789471107
4519,中外製薬,医薬・消費,60.64900000000001,0.0,0.0,0.75,0.0,0.33,0.0,0,6096.0,-0.08797127468581689,-0.11318359668979494
7013,IHI,機械・重工,59.985000000000014,0.2,0.2,0.25,0.0,0.0,0.0,0,2674.0,-0.05927880386983286,-0.007596440998383525
3436,SUMCO,半導体,59.425000000000004,0.0,0.0,0.25,1.0,0.0,0.0,0,3040.0,0.06015693112467302,-0.10541967920455708
9101,日本郵船,運輸・不動産,59.309,0.6,0.8,0.25,0.0,0.33,0.3,0,7078.0,-0.06449907480835315,0.030377066350314785
8001,伊藤忠,商社,59.309,0.6,0.8,0.25,0.0,0.33,0.3,0,2158.0,-0.08945147679324894,0.03449347097590738
7011,三菱重工,機械・重工,58.519,0.2,0.2,0.25,0.2,0.33,0.0,0,3793.0,-0.024183174684846875,-0.03886535383327905
5411,JFE HD,資源・素材,58.516,0.2,0.2,0.0,0.0,0.67,0.3,0,1737.0,-0.08337730870712401,-0.04614960288303949
6723,ルネサス,半導体,58.43710000000001,0.6,0.8,0.25,0.667,0.0,0.0,0,3458.0,0.09154040404040398,0.032392246784421874
8058,三菱商事,商社,58.389,0.2,0.2,0.25,0.0,0.33,0.3,0,4637.0,-0.06868849166499302,-0.011795083723364574
8031,三井物産,商社,58.389,0.2,0.2,0.25,0.0,0.33,0.3,0,4829.0,-0.07561255742725881,-0.010575076130130534
9104,商船三井,運輸・不動産,58.389,0.2,0.2,0.25,0.0,0.33,0.3,0,6900.0,-0.07233127184727073,-0.0053926585858039555
4005,住友化学,資源・素材,58.154,0.6,0.8,0.0,0.0,0.33,1.0,0,570.4,-0.045515394912985396,0.031171289311224926
6758,ソニーG,電機・電子部品,57.77100000000001,0.2,0.2,0.25,0.2,0.67,0.0,0,3732.0,-0.00586041555673944,-0.026343591021183332
3407,旭化成,資源・素材,57.77100000000001,0.2,0.2,0.25,0.2,0.67,0.0,0,1611.5,-0.00031017369727048827,-0.013425731477461733
5401,日本製鉄,資源・素材,57.641000000000005,0.2,0.2,0.25,0.0,0.67,0.3,0,650.8,-0.07372615997722753,-0.020788998200101827
8725,MS&AD,証券・保険,57.513999999999996,0.2,0.2,0.5,0.0,0.33,0.3,0,4850.0,-0.07794676806083645,-0.030668840979753642
6146,ディスコ,半導体,57.495000000000005,0.2,0.2,0.75,0.2,0.0,0.0,0,56680.0,0.12037952164459376,-0.042541484589590395
6954,ファナック,機械・重工,57.28690000000001,0.2,0.2,0.25,0.533,0.33,0.0,0,5911.0,0.02019330341732828,-0.00928006065245468
5020,ENEOS,資源・素材,57.27900000000001,0.6,0.8,0.25,0.0,0.33,1.0,0,1373.5,-0.05892428914011649,0.04124620274581592
8766,東京海上HD,証券・保険,57.27900000000001,0.6,0.8,0.25,0.0,0.33,1.0,0,523.2,-0.05422993492407813,0.038021576165225945
4307,野村総研,通信・IT,57.233999999999995,0.2,0.2,0.0,0.0,0.33,1.0,0,4971.0,-0.035693501454898136,-0.005547934318660408
6526,ソシオネクスト,半導体,57.205000000000005,0.6,0.8,0.25,1.0,0.0,0.0,0,2102.5,0.06997455470737912,0.030194177798297583
9202,ANA HD,運輸・不動産,57.045000000000016,0.2,0.2,0.25,0.2,1.0,0.0,0,2950.0,-0.01666666666666672,-0.026001877077327817
2914,JT,医薬・消費,56.896,0.2,0.2,0.5,0.2,0.67,0.0,0,6885.0,-0.0044823597455176944,-0.007253737855135056
9983,ファーストリテイリング,医薬・消費,56.538900000000005,0.2,0.2,0.25,0.533,0.67,0.0,0,68710.0,0.014918759231905554,-0.030242965361553353
8604,野村HD,証券・保険,56.359,0.2,0.2,0.25,0.0,0.33,1.0,0,1529.5,-0.03835271927066963,-0.041568945606804575
8316,三井住友FG,銀行,55.61900000000001,0.2,0.2,0.25,0.2,0.33,1.0,0,3357.0,-0.02384414073858676,-0.0024597719651534566
6326,クボタ,機械・重工,55.61900000000001,0.2,0.2,0.25,0.2,0.33,1.0,0,2707.5,-0.027303754266211566,-0.03700380274547754
8801,三井不動産,運輸・不動産,55.611,0.2,0.2,0.25,0.0,0.67,1.0,0,1453.0,-0.034551495016611256,-0.03381934866655445
7270,SUBARU,自動車,55.611,0.2,0.2,0.25,0.0,0.67,1.0,0,2534.0,-0.05676530802158941,-0.010413883255750656
8750,第一生命HD,証券・保険,55.529,0.6,0.8,0.75,0.0,0.33,1.0,0,1871.5,-0.03081305023303993,0.03959333086411865
4661,オリエンタルランド,医薬・消費,55.484,0.2,0.2,0.5,0.0,0.33,1.0,0,2889.0,-0.058344198174706596,-0.03215780170723237
8601,大和証券G,証券・保険,53.996,0.2,0.2,0.5,0.2,0.67,1.0,0,1786.0,-0.024043715846994496,-0.010980891322671216
4689,LINEヤフー,通信・IT,51.18900000000001,0.2,0.0,0.25,0.0,0.33,0.3,0,516.9,-0.06663055254604544,-0.050866494474319346
9107,川崎汽船,運輸・不動産,48.50900000000001,0.6,0.5,0.25,0.0,0.33,0.3,0,3283.0,-0.07573198198198194,0.00779464244229211
6963,ローム,半導体,47.63710000000001,0.6,0.5,0.25,0.667,0.0,0.0,0,4872.0,0.0894454382826475,0.018010975881411873
4062,イビデン,半導体,47.56000000000001,1.0,1.0,0.0,0.2,0.0,0.0,0,11020.0,0.19296346414073073,0.08208242032468072
8308,りそなHD,銀行,47.40690000000001,0.6,0.5,0.25,0.533,0.33,0.0,0,2482.0,0.0012101653892697684,0.025903486722039015
8411,みずほFG,銀行,47.18900000000001,0.6,0.5,0.25,0.2,0.33,0.5,0,8472.0,-0.009006901391975686,0.025142661836995317
6501,日立,電機・電子部品,46.44100000000001,0.6,0.5,0.25,0.2,0.67,0.5,0,5465.0,-0.0018264840182647957,0.015205255605161283
6920,レーザーテック,半導体,45.81000000000001,1.0,1.0,0.5,0.2,0.0,0.0,0,41000.0,0.14015572858731917,0.19394404373061358
9432,NTT,通信・IT,45.73100000000001,0.6,0.5,0.25,0.0,0.67,1.0,0,171.3,-0.04833333333333323,0.02774576365993664
9433,KDDI,通信・IT,45.73100000000001,0.6,0.5,0.25,0.0,0.67,1.0,0,2923.5,-0.05966548729495014,0.02424328760265604
7267,ホンダ,自動車,44.99100000000001,0.6,0.5,0.25,0.2,0.67,1.0,0,1669.0,-0.023119695639449822,0.013225098143589187
6981,村田製作所,電機・電子部品,44.957100000000004,1.0,1.0,0.25,0.667,0.0,0.0,0,8089.0,0.08854797470057862,0.11603306895308652
9434,ソフトバンク,通信・IT,44.85600000000001,0.6,0.5,0.5,0.0,0.67,1.0,0,239.5,-0.04809220985691576,0.017736376339077764
6273,SMC,機械・重工,43.92900000000001,0.6,0.5,0.75,1.0,0.33,0.0,0,70570.0,0.060724485194649125,0.0029790803957556733
6857,アドバンテスト,半導体,38.565000000000005,0.6,0.2,0.25,0.2,0.0,0.0,0,33910.0,0.12136243386243395,-0.010910044683139719
4568,第一三共,医薬・消費,35.67900000000001,0.6,0.2,0.25,0.0,0.33,1.0,0,2784.5,-0.05063075349471535,-0.026021589509199528
6098,リクルートHD,通信・IT,35.67900000000001,0.6,0.2,0.25,0.0,0.33,1.0,0,16700.0,-0.04270564631699625,-0.0065951064633908985
5802,住友電工,電機・電子部品,35.60500000000001,0.6,0.2,0.25,1.0,0.0,0.0,0,2173.5,0.0589524969549331,-0.026826583166115303
4503,アステラス,医薬・消費,34.931000000000004,0.6,0.2,0.25,0.0,0.67,1.0,0,2294.0,-0.030021141649048677,-0.03125347595791306
4502,武田薬品,医薬・消費,34.931000000000004,0.6,0.2,0.25,0.0,0.67,1.0,0,5739.0,-0.03481331987891023,-0.002734943119838018
6301,コマツ,機械・重工,34.87900000000002,0.6,0.2,0.25,1.0,0.33,0.0,0,7398.0,0.04802379940501478,-0.012242671266710858
9201,JAL,運輸・不動産,34.19100000000001,0.6,0.2,0.25,0.2,0.67,1.0,0,3012.0,-0.01985030914415875,-0.0028198025634096346
8630,SOMPO,証券・保険,34.05600000000001,0.6,0.2,0.5,0.0,0.67,1.0,0,6645.0,-0.04989991421218187,-0.020611683591771235
7182,ゆうちょ銀行,銀行,26.726900000000008,1.0,0.5,0.25,0.533,0.33,0.0,0,3359.0,0.022215459525258607,0.026885756909558967
7751,キヤノン,電機・電子部品,15.178900000000011,1.0,0.2,0.25,0.533,0.67,0.0,0,4587.0,0.011689457432730421,-0.012437715320012366
